Workbook

Sheet Executive Summary
A1: PROJECT TIMELINE & ROADMAP:Sekolah Maritim Indonesia (Web Apps) | E1: MLY-E01
A2: Rencana Kerja Sistematis Berdasarkan Scope Confirmation ( PPA/MLY-SC/VIII/2026) dan Proposal Project Awal (PPA/MLY-EL/VIII/2026)
A4: INFORMASI PROYEK
A5: Nama Aplikasi | B5: Web Apps - Sekolah Pelayaran Indonesia
A6: Tanggal Mulai Proyek | B6: 46314
A7: Target Utama #1 () | B7: 46314
A8: Target Selesai Seluruhnya | B8: 46437
A9: Lokasi Pilot / Fokus Khusus | B9: Pembelajaran Siswa Maritim
A10: Stakeholder Utama | B10: Pak Mulya
A12: KEY PROJECT METRICS
A13: Total Task Selesai | B13: =COUNTIF('Project Timeline'!F9:F33, "Complete") -> 0
A14: Total Task Dalam Proses | B14: =COUNTIF('Project Timeline'!F9:F33, "In Progress") -> 0
A15: Total Task Belum Mulai | B15: =COUNTIF('Project Timeline'!F9:F33, "Not Started") -> 0
A16: Total Task Terkendala (Blocked) | B16: =COUNTIF('Project Timeline'!F9:F33, "Blocked") -> 0
A17: Total Keseluruhan Tugas | B17: =COUNTA('Project Timeline'!F9:F33) -> 20
A18: Persentase Progres Keseluruhan | B18: =AVERAGE('Project Timeline'!J29) -> 0.02173913
A20: RINGKASAN FASE & MILESTONE UTAMA
A21: Fase / Module | B21: Fokus Utama | C21: Target Mulai | D21: Target Selesai | E21: Status Target | F21: Checklist Point Cover
A22: Phase 1 (Prototype & DP) | B22: Prototype Design Awal, & kick-off proyek | C22: 46314 | D22: 46339
A23: Phase 2 (UIX & Technical Spec) | B23: Prototype Desain UI/UX & Dokumen Spesifikasi Teknis | C23: 46342 | D23: 46374
A24: Phase 3 (Login & Leasson) | B24: Sistem Login/Role & Fitur Live Lesson per Jenis Kapal | C24: 46377 | D24: 46402
A25: Phase 4 (Dashboard & Assesement) | B25: Modul Assessment 5 Level, Rating System, & Dashboard Mentor | C25: 46405 | D25: 46423
A26: Phase 5 (Go-Live) | B26: Platform Go-Live, training pengguna, dan penyerahan akun | C26: 46426 | D26: 46437
A29: PANDUAN WARNA & SIMBOL PETUNJUK
A30: Sel Biru Muda (#DCE6F1) | B30: Area Input Manual (Tanggal, PIC, Status, Persentase)
A31: Sel Hijau Muda (#E2EFDA) | B31: Area Kalkulasi Otomatis (Durasi, Total Task, % Progress)
A32: Sel Kuning Muda (#FFF2CC) | B32: Highlight Target Kritis (PG Beres Jumat Ini) / Task In Progress
A33: Status Complete | B33: Tugas selesai fully tested
A34: Status Blocked | B34: Tugas terkendala issue teknis/dependency

Sheet Breaf & Team
A1: Team Structure
A2: PM | B2: Kak Irwan
A3: Front-End | B3: Khenzo
A4: UIX Design | B4: Khenzo
A5: Backend | B5: Rafi
A6: QA | B6: Rafi
A7: Support | B7: Kak Irwan
A9: Brief Project:
A10: 1. Latar Belakang & Tujuan Proyek Proyek Web E-Learning Pelayaran merupakan inisiatif pengembangan platform pembelajaran digital maritim kustom (proprietary system) untuk klien Pak Mulya (Pak Mulyana) yang dikerjakan oleh PT Kodeintekno Cipta Solusi. Proyek ini bertujuan untuk membangun ekosistem pendidikan awal kadet taruna kelautan yang lebih interaktif dibandingkan platform serupa di pasaran, dengan mengintegrasikan standar kurikulum maritim internasional (acuan STCW / Maritime Trainer) dan interaksi langsung (real-time) antara mentor aktif dan taruna. Kepemilikan sistem secara penuh memberikan efisiensi biaya jangka panjang bagi klien tanpa beban biaya lisensi berulang per pengguna.
A12: 2. Ruang Lingkup Kerja & Spesifikasi Teknis Terkonfirmasi Berdasarkan penyelarasan ruang lingkup terbaru pada dokumen Scope Confirmation (No. PPA/MLY-SC/VIII/2026), platform dibangun sebagai aplikasi web responsif (Responsive Web App) dengan pola komunikasi front-end dan back-end berbasis REST API. Fitur utama pada pengembangan tahap awal (Initial Version) mencakup modul pembelajaran berbasis klasifikasi jenis kapal (Bulk Carrier, Tanker, Container Ship, Passenger, dll.), fitur Mentor Live Lesson, sistem pengujian berjenjang Assessment 5 Level beserta rating system, serta Dashboard Management untuk Admin, Mentor, dan Taruna. Selain itu, ruang lingkup kerja telah diperkuat dengan penambahan tiga fitur baru yaitu Sistem Pengaduan/Ticketing Pengguna, Modul Video Pembelajaran Terintegrasi (melalui mitra hosting pihak ketiga), serta keamanan Autentikasi Dua Faktor (2FA) khusus untuk akun mentor dan taruna. Penyediaan materi kurikulum dan soal ujian menjadi tanggung jawab pihak Klien, sedangkan pengembangan aplikasi mobile native (Android/iOS) berada di luar ruang lingkup fase ini.
A14: 3. Layanan Purnajual, Keamanan & Tata Kelola Legal (MOU) Kodeintekno menjamin keamanan sistem aplikasi serta basis data, melaksanakan backup data rutin minimal 1 (satu) kali setiap bulan yang terdokumentasi dalam SOP yang dapat diaudit klien, serta memberikan masa pemeliharaan (Maintenance untuk bug fixing dan revisi minor) yang diperpanjang menjadi 1 (satu) tahun pasca Go-Live. Sebelum pengerjaan teknis dimulai, seluruh kesepakatan ini akan diikat melalui MOU / Kontrak Kerja Resmi yang mengatur secara tegas klausul kepemilikan (ownership), Hak Kekayaan Intelektual (IP), hak cipta, kepemilikan source code, domain, merek/brand aplikasi, ketentuan force majeure, rincian mitra pihak ketiga penyedia server/hosting video, serta otoritas perubahan kontrak.

Sheet Project Timeline
A1: PROJECT TIMELINE, WORK BREAKDOWN STRUCTURE (WBS) & GANTT CHART (21 MINGGU)
A2: Petunjuk Tim: Isi kolom 'PIC / Nama', 'Tanggal Mulai/Selesai', 'Status', dan '% Progres'. Kolom Gantt (M1–M21) bertanda '1' menunjukkan jadwal rencana; ubah atau tandai sesuai realisasi lapangan.
A4: DETAIL AKTIVITAS & PENUGASAN TIM (DIISI OLEH PROJECT OFFICER & TIM PELAKSANA) | M4: FASE 1 (M1-M4) | Q4: FASE 2 (M5-M11) | X4: FASE 3 (M12-M16) | AC4: FASE 4 (M17-M19) | AF4: FASE 5 (M20-M21)
A5: Kode WBS | B5: Fase Proyek | C5: Tahapan Pekerjaan & Detail Aktivitas | D5: Deliverable / Output Utama | E5: Role / Tim | F5: Nama PIC (Diisi Tim) | G5: Minggu Mulai | H5: Minggu Selesai | I5: Status | J5: % Progres | K5: Tanggal Selesai Aktual | L5: Catatan / Blocker / Link Dokumen | M5: M1 | N5: M2 | O5: M3 | P5: M4 | Q5: M5 | R5: M6 | S5: M7 | T5: M8 | U5: M9 | V5: M10 | W5: M11 | X5: M12 | Y5: M13 | Z5: M14 | AA5: M15 | AB5: M16 | AC5: M17 | AD5: M18 | AE5: M19 | AF5: M20 | AG5: M21
A6: 0.1 | B6: Pra-Proyek & Inisiasi | C6: Finalisasi & Penandatanganan MOU / Kontrak Kerja Resmi (Klausul IP, Source Code, Security, Hosting) | D6: Dokumen MOU Final Ditandatangani | E6: PMO / Legal | F6: Kak Yudi | G6: 1 | H6: 1 | I6: In Progress | J6: 0.5 | L6: Menunggu review final klausul legal & security | M6: FALSE
A7: 0.2 | B7: Pra-Proyek & Inisiasi | C7: Pencairan Pembayaran Milestone 1 (Uang Muka / DP) | D7: Bukti Bayar DP & Invoice Lunas | E7: Klien / Finance | F7: Pak Mulya | G7: 1 | H7: 1 | I7: Not Started | J7: 0 | L7: Dibayarkan saat/segera setelah MOU | M7: FALSE
A8: 0.3 | B8: Pra-Proyek & Inisiasi | C8: Kick-off Meeting Resmi (PMO Kodeintekno, Tim Resoude Lab, & Pak Mulya) | D8: Berita Acara Kick-Off & Jalur Komunikasi | E8: PMO / All Team | F8: Kak Adi & Yudi | G8: 1 | H8: 1 | I8: Not Started | J8: 0 | L8: Penyelarasan jadwal Fase 1 | M8: FALSE
A9: 1.1 | B9: Fase 1: UI/UX & Spesifikasi | C9: Requirements Gathering & Diskusi Spesifikasi Kurikulum / Modul Kadet Taruna | D9: Dokumen Kebutuhan Fungsional & Kurikulum | E9: PMO & Klien | F9: [Isi Nama PIC] | G9: 1 | H9: 2 | I9: Not Started | J9: 0 | L9: Materi kurikulum disiapkan oleh Klien | M9: FALSE | N9: FALSE
A10: 1.2 | B10: Fase 1: UI/UX & Spesifikasi | C10: Perancangan Arsitektur Sistem (Pola Komunikasi Front-End & Back-End REST API) & Skema Database | D10: Dokumen Spesifikasi Teknis & REST API | E10: System Architect | F10: [Isi Nama PIC] | G10: 2 | H10: 3 | I10: Not Started | J10: 0 | L10: Termasuk spesifikasi jaminan keamanan | N10: FALSE | O10: FALSE
A11: 1.3 | B11: Fase 1: UI/UX & Spesifikasi | C11: Pembuatan Wireframe & Prototype Desain UI/UX Interaktif (Admin, Mentor, Taruna) | D11: Prototype Desain UI/UX (Figma) | E11: UI/UX Designer | F11: [Isi Nama PIC] | G11: 2 | H11: 4 | I11: Not Started | J11: 0 | L11: Responsive Web App (Desktop & Mobile Browser) | N11: FALSE | O11: FALSE | P11: FALSE
A12: 1.4 | B12: Fase 1: UI/UX & Spesifikasi | C12: Review, Verifikasi & Persetujuan Deliverable Fase 1 (Acuan Milestone 2 - 20%) | D12: BAST Fase 1 | E12: PMO & Klien | F12: Pak Mulya | G12: 4 | H12: 4 | I12: Not Started | J12: 0 | L12: Maks. 5 hari kerja setelah disetujui | P12: FALSE
A13: 2.1 | B13: Fase 2: Core Webapps & Live Lesson | C13: Setup Environment Server, Repository Git, & Konfigurasi Dasar Struktur Front-End / Back-End | D13: Environment Dev & Staging Siap | E13: DevOps / Back-End | F13: [Isi Nama PIC] | G13: 5 | H13: 5 | I13: Not Started | J13: 0 | L13: Menggunakan server mitra Kodeintekno | Q13: FALSE
A14: 2.2 | B14: Fase 2: Core Webapps & Live Lesson | C14: Pengembangan Sistem Login, Manajemen Role (Admin, Mentor, Taruna) & Autentikasi 2FA | D14: Modul Auth & Keamanan 2FA Aktif | E14: Back-End & Front-End | F14: [Isi Nama PIC] | G14: 5 | H14: 7 | I14: Not Started | J14: 0 | L14: 2FA wajib untuk akun Mentor & Taruna | Q14: FALSE | R14: FALSE | S14: FALSE
A15: 2.3 | B15: Fase 2: Core Webapps & Live Lesson | C15: Pengembangan Modul Pembelajaran Berbasis Klasifikasi Jenis Kapal (Bulk Carrier, Tanker, Container, Passenger, dll) | D15: Modul Materi per Klasifikasi Kapal | E15: Fullstack Dev | F15: [Isi Nama PIC] | G15: 7 | H15: 9 | I15: Not Started | J15: 0 | L15: Fondasi pendidikan awal kadet taruna | S15: FALSE | T15: FALSE | U15: FALSE
A16: 2.4 | B16: Fase 2: Core Webapps & Live Lesson | C16: Pengembangan Fitur Mentor Live Lesson (Jadwal & Interactive Classroom / Live Stream) | D16: Fitur Live Lesson Terintegrasi | E16: Fullstack Dev | F16: [Isi Nama PIC] | G16: 9 | H16: 11 | I16: Not Started | J16: 0 | L16: Interaksi real-time mentor & taruna | U16: FALSE | V16: FALSE | W16: FALSE
A17: 2.5 | B17: Fase 2: Core Webapps & Live Lesson | C17: Dokumentasi Implementasi REST API Fase 2 & Verifikasi Deliverable (Acuan Milestone 3 - 25%) | D17: BAST Fase 2 & Pencairan | E17: PMO & Klien | F17: Pak Mulya | G17: 11 | H17: 11 | I17: Not Started | J17: 0 | L17: Maks. 5 hari kerja setelah disetujui | W17: FALSE
A18: 3.1 | B18: Fase 3: Assessment & Video | C18: Pengembangan Sistem Pengujian Berjenjang (Assessment 5 Level Learning) & Pelacakan Progres | D18: Modul Ujian Level 1 s/d Level 5 | E18: Back-End & Front-End | F18: [Isi Nama PIC] | G18: 12 | H18: 14 | I18: Not Started | J18: 0 | L18: Melacak progres kompetensi taruna | X18: FALSE | Y18: FALSE | Z18: FALSE
A19: 3.2 | B19: Fase 3: Assessment & Video | C19: Integrasi Bank Soal & Evaluasi Berstandar Maritim Internasional (Acuan STCW / Maritime Trainer) | D19: Fitur Kuis & Evaluasi Standar Maritim | E19: Fullstack Dev | F19: [Isi Nama PIC] | G19: 13 | H19: 15 | I19: Not Started | J19: 0 | L19: Input soal disediakan oleh Klien | Y19: FALSE | Z19: FALSE | AA19: FALSE
A20: 3.3 | B20: Fase 3: Assessment & Video | C20: Pengembangan Rating System, Feedback Mentor, Sertifikat Digital, & Webapps Dashboard | D20: Dashboard Admin/Mentor/Taruna Lengkap | E20: Front-End Dev | F20: [Isi Nama PIC] | G20: 14 | H20: 16 | I20: Not Started | J20: 0 | L20: Rekap nilai & sertifikat kelulusan digital | Z20: FALSE | AA20: FALSE | AB20: FALSE
A21: 3.4 | B21: Fase 3: Assessment & Video | C21: Pengembangan Modul Video Pembelajaran Terintegrasi pada Platform | D21: Player & Manajemen Video Pembelajaran | E21: Fullstack Dev | F21: [Isi Nama PIC] | G21: 15 | H21: 16 | I21: Not Started | J21: 0 | L21: Mendukung kurikulum visual taruna | AA21: FALSE | AB21: FALSE
A22: 4.1 | B22: Fase 4: Ticketing & 3rd Party | C22: Pengembangan Sistem Pengaduan / Ticketing Pengguna Aplikasi (Alur Pelaporan & Resolusi) | D22: Fitur Ticketing / Helpdesk Aktif | E22: Fullstack Dev | F22: [Isi Nama PIC] | G22: 17 | H22: 18 | I22: Not Started | J22: 0 | L22: Penambahan fitur sesuai Scope Confirmation | AC22: FALSE | AD22: FALSE
A23: 4.2 | B23: Fase 4: Ticketing & 3rd Party | C23: Integrasi Layanan Pihak Ketiga (Hosting Video Pembelajaran & Konfigurasi Server Produksi) | D23: Integrasi Hosting Video & Server Selesai | E23: DevOps / Back-End | F23: [Isi Nama PIC] | G23: 18 | H23: 19 | I23: Not Started | J23: 0 | L23: Klien diinformasikan mengenai mitra 3rd party | AD23: FALSE | AE23: FALSE
A24: 4.3 | B24: Fase 4: Ticketing & 3rd Party | C24: Review & Verifikasi Deliverable Fase 3 & Fase 4 (Acuan Milestone 4 - 15%) | D24: BAST Fase 3-4 | E24: PMO & Klien | F24: Pak Mulya | G24: 19 | H24: 19 | I24: Not Started | J24: 0 | L24: Maks. 5 hari kerja setelah disetujui | AE24: FALSE
A25: 5.1 | B25: Fase 5: UAT, Security & Go-Live | C25: End-to-End QA Testing, Bug Fixing, & Security Hardening (Aplikasi & Database) | D25: Laporan QA & Jaminan Keamanan Sistem | E25: QA & Security Eng | F25: [Isi Nama PIC] | G25: 20 | H25: 20 | I25: Not Started | J25: 0 | L25: Sesuai standar keamanan pada lampiran MOU | AF25: FALSE
A26: 5.2 | B26: Fase 5: UAT, Security & Go-Live | C26: Pelaksanaan User Acceptance Test (UAT) Bersama Pak Mulya & Perbaikan Minor | D26: Dokumen Sign-Off UAT | E26: PMO, QA & Klien | F26: Pak Mulya | G26: 20 | H26: 21 | I26: Not Started | J26: 0 | L26: Ketepatan waktu bergantung respons UAT Klien | AF26: FALSE | AG26: FALSE
A27: 5.3 | B27: Fase 5: UAT, Security & Go-Live | C27: Deployment ke Production Server (Go-Live), Konfigurasi Domain (.com), SSL, & SOP Backup Bulanan | D27: Platform Go-Live & SOP Backup Data | E27: DevOps Engineer | F27: [Isi Nama PIC] | G27: 21 | H27: 21 | I27: Not Started | J27: 0 | L27: Backup rutin minimal 1x/bulan | AG27: FALSE
A28: 5.4 | B28: Fase 5: UAT, Security & Go-Live | C28: Pelatihan Penggunaan (Admin, Mentor, Taruna), Serah Terima Akun Penuh & Pencairan Milestone 5 (10%) | D28: BAST Akhir & Training | E28: PMO & Klien | F28: Pak Mulya | G28: 21 | H28: 21 | I28: Not Started | J28: 0 | L28: Proyek selesai & masuk masa Maintenance 1 Tahun | AG28: FALSE
A29: RATA-RATA PROGRES KESELURUHAN & BEBAN AKTIVITAS PER MINGGU | I29: =COUNTIF(I6:I28,"Completed")&"/"&COUNTA(I6:I28) -> 0/23 | J29: =AVERAGE(J6:J28) -> 0.02173913 | M29: =SUM(M6:M28) -> 0 | N29: =SUM(N6:N28) -> 0 | O29: =SUM(O6:O28) -> 0 | P29: =SUM(P6:P28) -> 0 | Q29: =SUM(Q6:Q28) -> 0 | R29: =SUM(R6:R28) -> 0 | S29: =SUM(S6:S28) -> 0 | T29: =SUM(T6:T28) -> 0 | ... AG29: =SUM(AG6:AG28) -> 0

Sheet Deliverable & Scope Log
A1: DAFTAR DELIVERABLE TERKONFIRMASI, LOG PERUBAHAN SCOPE & TINDAK LANJUT MOU
A2: Digunakan oleh PMO, Tim QA, dan Klien (Pak Mulya) untuk memverifikasi serah terima setiap modul serta memantau kelengkapan klausul MOU.
A4: A. CHECKLIST DELIVERABLE UTAMA (ACUAN VERIFIKASI KLIEN & PMO)
A5: Kode | B5: Kategori Deliverable | C5: Deskripsi & Spesifikasi Terkonfirmasi | D5: Target Fase | E5: PIC Reviewer | F5: Status Verifikasi | G5: Tanggal Disetujui | H5: Catatan / Link Bukti Serah Terima
A6: DLV-01 | B6: Fitur Aplikasi - Klasifikasi Kapal | C6: Modul pembelajaran berbasis klasifikasi jenis kapal (Bulk Carrier, Tanker, Container Ship, Passenger, dll) untuk pendidikan awal kadet taruna. | D6: Fase 2 | E6: Pak Mulya & PMO | F6: Pending
A7: DLV-02 | B7: Fitur Aplikasi - Live Lesson | C7: Modul Mentor Live Lesson (interaksi real-time / live stream antara mentor aktif dan taruna). | D7: Fase 2 | E7: Pak Mulya & PMO | F7: Pending
A8: DLV-03 | B8: Fitur Aplikasi - Assessment & Dashboard | C8: Assessment 5 Level Learning, Maritime Standard Assessment (STCW), Rating System, Sertifikat Digital, & Dashboard (Admin/Mentor/Taruna). | D8: Fase 3 | E8: Pak Mulya & PMO | F8: Pending
A9: DLV-04 | B9: Fitur Aplikasi - Video Pembelajaran | C9: Modul video pembelajaran terintegrasi dengan dukungan hosting video pihak ketiga. | D9: Fase 3 & 4 | E9: Pak Mulya & PMO | F9: Pending
A10: DLV-05 | B10: Fitur Aplikasi - Sistem Ticketing | C10: Sistem pengaduan / ticketing pengguna aplikasi untuk pelaporan kendala teknis/materi. | D10: Fase 4 | E10: Pak Mulya & PMO | F10: Pending
A11: DLV-06 | B11: Fitur Aplikasi - Keamanan 2FA & API | C11: Autentikasi Dua Faktor (2FA) untuk akun mentor & taruna, serta implementasi komunikasi Front-End & Back-End berbasis REST API. | D11: Fase 2 | E11: System Architect | F11: Pending
A12: DLV-07 | B12: Dokumentasi Teknis | C12: Dokumen spesifikasi teknis sistem, mencakup arsitektur REST API dan skema keamanan aplikasi. | D12: Fase 1 & 2 | E12: System Architect | F12: Pending
A13: DLV-08 | B13: Layanan Purnajual (Maintenance) | C13: Layanan maintenance (bug fixing & minor revisi) selama 1 (satu) tahun pasca Go-Live dalam jadwal dukungan resmi. | D13: Pasca Go-Live | E13: PMO Kodeintekno | F13: Pending
A14: DLV-09 | B14: Manajemen Data (SOP Backup) | C14: Prosedur dan jadwal backup data bulanan (minimal 1x/bulan) oleh Kodeintekno, terdokumentasi sebagai SOP yang dapat diaudit Klien. | D14: Fase 5 | E14: DevOps Engineer | F14: Pending
A15: DLV-10 | B15: Keamanan Sistem & Kerja Sama 3rd Party | C15: Laporan/ketentuan jaminan keamanan aplikasi & database dalam lampiran MOU, serta daftar informasi mitra penyedia server & hosting video. | D15: Pra-Proyek / MOU | E15: PMO & Legal | F15: In Review
A16: DLV-11 | B16: Dokumen Legal (MOU / Kontrak Kerja) | C16: Draf & dokumen final MOU yang memuat klausul ownership, IP, hak cipta, domain, source code, brand, force majeure, dan otoritas perubahan. | D16: Pra-Proyek | E16: Pak Mulya & Legal | F16: In Review
A17: DLV-12 | B17: Serah Terima Akhir (Handover) | C17: Platform Go-Live, pelatihan penggunaan untuk Admin/Mentor/Taruna, serta penyerahan akun dan akses penuh kepada Klien. | D17: Fase 5 | E17: Pak Mulya & PMO | F17: Pending
A19: B. LOG PENYESUAIAN RUANG LINGKUP (PROPOSAL AWAL 13/20 AGUSTUS vs SCOPE CONFIRMATION 27 AGUSTUS 2026)
A20: No | B20: Aspek Proyek | C20: Proposal Proyek Awal (PPA/MLY-EL/VIII/2026) | D20: Scope Terkonfirmasi (PPA/MLY-SC/VIII/2026) | E20: Dampak / Konsekuensi PMO | F20: Tindak Lanjut Tim | G20: PIC Terkait | H20: Status
A21: 1 | B21: Fitur & Arsitektur | C21: Mentor Live Lesson, Pendidikan Kadet, Assessment 5 Level, Maritime Standard, Dashboard. | D21: Ditambah: Sistem Ticketing, Video Pembelajaran, 2FA (Mentor & Taruna), penegasan arsitektur REST API. | E21: Penambahan WBS Fase 2, 3, dan 4. | F21: Masukkan ke Spesifikasi Teknis Fase 1 | G21: System Architect | H21: Confirmed
A22: 2 | B22: Durasi Pengerjaan | C22: 18 Minggu (± 4 Bulan) dalam 4 Fase. | D22: Diperpanjang menjadi ± 20–21 Minggu (± 5 Bulan) dalam 5 Fase. | E22: Jadwal lebih longgar untuk menjaga kualitas & UAT. | F22: Update Baseline Gantt Chart 21 Minggu | G22: PMO | H22: Confirmed
A23: 3 | B23: Skema Pembayaran | C23: Termin sederhana (Total pengembangan Rp 15.000.000). | D23: Berbasis Milestone 5 Tahap (DP 30%, Desain 20%, Core 25%, Lanjutan 15%, Handover 10%). | E23: Penagihan mengikuti BAST tiap akhir fase. | F23: Siapkan form verifikasi milestone | G23: Finance & PMO | H23: Confirmed
A24: 4 | B24: Biaya Infrastruktur | C24: Rp 3.000.000/tahun (belum dirinci per komponen). | D24: Dirinci 5 komponen + 3 Opsi Paket: Ekonomis (1,5 Jt), Standar (3 Jt), Premium (5 Jt). | E24: Klien memilih opsi paket sesuai skala taruna. | F24: Konfirmasi pilihan paket sebelum Fase 4 | G24: DevOps & Klien | H24: Confirmed
A25: 5 | B25: Garansi Maintenance | C25: Free Support 6 bulan pasca Go-Live. | D25: Diperpanjang menjadi 1 (satu) tahun pasca Go-Live (bug fix & minor revisi). | E25: Jadwal dukungan resmi 12 bulan pasca Go-Live. | F25: Cantumkan SLA dukungan di MOU | G25: PMO & Support | H25: Confirmed
A26: 6 | B26: Backup & Security | C26: Belum diatur secara eksplisit. | D26: Backup rutin minimal 1x/bulan oleh Kodeintekno; jaminan keamanan aplikasi & DB di MOU. | E26: SOP Backup wajib dapat diakses/diaudit Klien. | F26: Susun SOP Backup & klausul Security MOU | G26: DevOps & Legal | H26: Confirmed
A27: 7 | B27: Ketentuan Legal MOU | C27: Belum dirinci. | D27: Wajib memuat: Ownership, IP, Hak Cipta, Domain, Source Code, Brand, Force Majeure, Otoritas Perubahan, & Mitra 3rd Party. | E27: Kekuatan hukum mengikat setelah MOU ditandatangani. | F27: Finalisasi draf MOU sebelum Kick-off | G27: Legal & Klien | H27: In Progress
A28: 8 | B28: Batasan (Out of Scope) | C28: Aplikasi web responsif. | D28: Ditegaskan: Konten/soal disiapkan Klien; Native Mobile App (Android/iOS) tidak termasuk (hanya Responsive Web). | E28: Permintaan fitur baru di luar dokumen masuk Change Request. | F28: Sosialisasikan saat Kick-off Meeting | G28: PMO | H28: Confirmed
